{
	"imgui": {
		"points_density": {
			"low": 16,
			"up": 1024
		},
		"points_side_length": {
			"low": 5.0,
			"up": 30.0
		},
		"radius_cut": {
			"low": 0.2,
			"up": 20.0
		},
		"up_cut": {
			"low": 0.2,
			"up": 20.0
		},
		"down_cut": {
			"low": -20.0,
			"up": -0.2
		},
		"right_cut": {
			"low": 0.2,
			"up": 20.0
		},
		"left_cut": {
			"low": -20.0,
			"up": -0.2
		},
		"back_cut": {
			"low": 0.2,
			"up": 20.0
		},
		"front_cut": {
			"low": -20.0,
			"up": -0.2
		}
	},
	"attach" : 
	{
		"path" : "E:\\OpenGL\\Code\\Opengl_Mission\\temp\\temp\\方案3\\3m人员挡光体，对称扁球.mesh"
	},
	"light" : 
	{
		"path" : "E:\\OpenGL\\Code\\Opengl_Mission\\temp\\temp\\方案3\\对称扁球带双环light.light"
	},
	"sphere" : 
	{
		"path" : "E:\\OpenGL\\Code\\Opengl_Mission\\temp\\temp\\方案3\\扁上球带上90下20 对称.mesh"
	}
}